{"cameraMode":{"drawMode":0,"name":"Shaded","section":"Shading Mode"},"sceneLighting":false,"audioPlay":false,"sceneViewState":{"showFog":true,"showMaterialUpdate":false,"showSkybox":false,"showFlares":true,"showImageEffects":true,"showParticleSystems":true},"in2DMode":false,"pivot":{"x":0.015487417578697205,"y":0.057019226253032687,"z":-0.0035000001080334188},"rotation":{"x":-0.05139898508787155,"y":0.9485558867454529,"z":-0.21591313183307649,"w":-0.2258019596338272},"size":0.28614768385887148,"orthographic":false}