{"cameraMode":{"drawMode":0,"name":"Shaded","section":"Shading Mode"},"sceneLighting":false,"audioPlay":false,"sceneViewState":{"showFog":true,"showMaterialUpdate":false,"showSkybox":false,"showFlares":true,"showImageEffects":true,"showParticleSystems":true},"in2DMode":false,"pivot":{"x":-1.5253071784973145,"y":-1.0384268760681153,"z":-1.946653127670288},"rotation":{"x":-0.05139898508787155,"y":0.9485558867454529,"z":-0.21591313183307649,"w":-0.2258019596338272},"size":2.666025161743164,"orthographic":false}